Capture ID,Library collection,Client build,Packets,Observed map ID count,Observed quest ID count,Campsite requests,Trading Post purchases,Gameplay coverage,Capture name,SHA256
SN-1EC5439622A9,Midnight,69497,166274,1,12,2,0,Not certified,dump_12.1.0.69497_2026-08-31_03-54-46.pkt,1EC5439622A9C437A8C23BC74935CCD4F87BDB7D57BBA821083AF38E374292E1
SN-B512EA9F7D7B,Midnight,69497,382733,4,17,2,0,Not certified,dump_12.1.0.69497_2026-08-30_21-51-32.pkt,B512EA9F7D7B34D926803A7457CA737651553E0B5214E11466419585B6414E6F
SN-602DCBE89211,Midnight,69404,210177,5,11,2,0,Not certified,dump_12.1.0.69404_2026-08-21_03-46-25.pkt,602DCBE892116BCC5D34C7A9FF5DD54B24C00F5E7F46474359D57B56CE3B5208
SN-FF661CD411EE,Midnight,69404,274099,5,36,2,0,Not certified,dump_12.1.0.69404_2026-08-21_05-36-47.pkt,FF661CD411EE6E5381360F38BB77BD2FBA47CD863A19653917C08A61074C140E
SN-14B631870E75,Midnight,69382,75356,1,6,2,0,Not certified,dump_12.1.0.69382_2026-08-20_05-33-52.pkt,14B631870E75CD76FAA6B92A7866A263B93B42617E1687FE4FC278168ADB60E0
SN-3F3D598F6E52,Midnight,69382,4,0,0,0,0,Not certified,dump_12.1.0.69382_2026-08-19_23-55-13.pkt,3F3D598F6E5222EA79805049DA162A3081EC25836AE12A5D490CFF65033296BD
SN-4C4591118EA2,Midnight,69382,42459,1,5,2,0,Not certified,dump_12.1.0.69382_2026-08-19_23-55-39.pkt,4C4591118EA260ED20A87852E966AF79EA9C5F9D21CE42E9F17A12F15F702B68
SN-2A55A73AE644,Midnight,69299,236952,7,6,43,0,Not certified,Haranir Horde Creation + Login.pkt,2A55A73AE644ADA08695C3909D0FF0CF09EDD73EE1992FA0DF9FEBE4A397C051
SN-52F20C899CA8,Midnight,68974,103071,8,6,6,0,Not certified,Haranir horde monk intro.pkt,52F20C899CA842B43DABE02262A9C97DE9317E18B1C2675DC9D0AFB21170EDED
SN-79CD5EB70ED5,Midnight,68974,146833,7,6,46,0,Not certified,Haranir Alliance Creation + Login.pkt,79CD5EB70ED58845686BC5BA29CFBAFBB2D58B415AB3F385DFB6A3A5C8A1CEBC
SN-84C415E87088,Midnight,68974,106892,4,15,7,0,Not certified,Haranir 2 - Alliance - Warrior.pkt,84C415E87088645911440252BB4C30CBCA749DBBBACDC25D8ECB830BCF9CAE2D
SN-8AB450BC8296,Midnight,68974,565807,10,26,6,0,Not certified,Haranir horde monk lvl 80.pkt,8AB450BC8296C4DE6A9D1C66005EABADCFBB4C804F613203D27A7FBE7313D3BF
SN-9CCCF8C8686C,Midnight,68974,707,2,0,3,0,Not certified,Haranir 1 - Alliance - All customisations for male and female.pkt,9CCCF8C8686CD0F534D8D720D8827809147B1CF4E313DE8BFD2452A2B75189FE
SN-9FE9F0DC64B1,Midnight,68974,309052,8,83,5,0,Not certified,Haranir lvling 84-86 + Sojourner of zul'aman part 1.pkt,9FE9F0DC64B1CD0E5D22F0E93CF12473E7571B605CDFC39A65A877F43C61DABB
SN-A6C0FB8048C0,Midnight,68974,377411,8,75,5,0,Not certified,Haranir lvling + Sojourner of Eversong Woods Part 2.pkt,A6C0FB8048C0445F1A92041CB24C9F594F286AA9E41139C2B5992A168D5527B4
SN-ABCBDC41B0CF,Midnight,68974,529224,9,45,5,0,Not certified,Haranir lvling 86-87 + sojourner of zul'aman Part 2.pkt,ABCBDC41B0CF9A5C8640124653F5D91411C17C43A197EE328A90C72B5452F3F5
SN-B4BC974DBEB9,Midnight,68974,545221,9,39,3,0,Not certified,Campaign part 4.pkt,B4BC974DBEB9A36D0433357F2878DED513C8E317309230A91753510090A423F3
SN-B9E0803CEC43,Midnight,68974,555275,8,51,9,0,Not certified,Haranir lvling + Sojourner of Eversong Woods Part 1.pkt,B9E0803CEC439985E8CF75F751315220E63392A47ABFF377CD1222380DDE8BEF
SN-C5867A6E70B3,Midnight,68974,534294,12,116,5,0,Not certified,Haranir lvling 87-90 + Sojourner of harandar Part 1.pkt,C5867A6E70B3704DFDC95DD5F0418086E971987912E42015F33CF1051C7B193B
SN-C976B11FD359,Midnight,68974,287518,10,9,2,0,Not certified,Midnight Content.pkt,C976B11FD3595EE56C038DCEF73D3621BF1E758479A5153928938DD48A102753
SN-CF0A0697C4D2,Midnight,68974,463920,8,18,2,0,Not certified,"More Midnight, Dungeon and a Mount unlock.pkt",CF0A0697C4D29533BD8E098EA189E3996303773455AB71D2B465E994CABA4D0E
SN-E4C7FB84519B,Midnight,68974,179394,9,22,7,0,Not certified,Haranir lvling + Sojourner of eversong Woods Part 3.pkt,E4C7FB84519B333B9AEEDBE82128610B502178A0673C7659665F33DBDD920AA6
SN-06AA4D8B56D9,Midnight,68887,127685,3,24,3,0,Not certified,Midnight Questchain Harandar - Part VI.pkt,06AA4D8B56D92CEF137CEC815003D594D529F45977A7D9ED6F2415E8ABC58DF1
SN-0A2078855FC9,Midnight,68887,171494,4,22,2,0,Not certified,Midnight Secondary Questchain - Part XIX.pkt,0A2078855FC9DF8CFBF357206AD4CBD59AA1961FD62D6038D251FABF34D56140
SN-0E49BC27B28A,Midnight,68887,164155,5,29,2,0,Not certified,Eversong Secondary Questing - Part XVII.pkt,0E49BC27B28A32277657AA02697C107427A168C5FD9AAC320B2E6DA668AC5F02
SN-164BF865A397,Midnight,68887,84145,6,14,2,0,Not certified,Zul'aman Questing Part 1.pkt,164BF865A397381D2437D6963C4DB257186A68114B94D3EB38DD2242C8C8E7DC
SN-2304B0A0CE4E,Midnight,68887,191437,6,17,2,0,Not certified,Midnight Questchain Silvermoon Part I.pkt,2304B0A0CE4E1F6DE68EE0A784C3FBB61A04E1E796356CF7C04025AAC7CB7217
SN-2D8CFC9D74BB,Midnight,68887,280796,14,24,6,0,Not certified,Midnight intro to silvermoon.pkt,2D8CFC9D74BB484C852E33CA6C125936B86BB65F0C17E77D4E2E3CB47ED3900C
SN-2EC5FC0B8E41,Midnight,68887,546077,11,69,4,0,Not certified,Campaign part 2.pkt,2EC5FC0B8E41D6F99398A0D2FF4C455716CFC25E7B34A8352F94E5D04FD46744
SN-31198BBCA237,Midnight,68887,447711,12,64,4,0,Not certified,Campaign part 1.pkt,31198BBCA2374DE28A75BB7F407B4AD04899984B7762E21E049B03FFDDD4BA81
SN-3391437808E9,Midnight,68887,255865,3,24,3,0,Not certified,Midnight Questchain Voidstorm - Part XIII.pkt,3391437808E99281B095F93EB4418A9C151C5417C1E3D2437014BFC7D37F3E66
SN-3417627AA7D7,Midnight,68887,253830,6,11,2,0,Not certified,Midnight Questchain Zul'Aman - Part X.pkt,3417627AA7D79E5693DBE27537A35797E44AA4F0848FCE960D9CF824045FF824
SN-34970D81D9A5,Midnight,68887,193838,7,11,2,0,Not certified,Zul'aman Questing Part 5.pkt,34970D81D9A5243D9C16ACAA41EA08C79D8E20B24813681FB1514CB52CBC7606
SN-34AFE5167DEA,Midnight,68887,580387,11,60,6,0,Not certified,Campaign part 3.pkt,34AFE5167DEA37FEE5C1F456DED4F3703028DCB5594D9C7679E58B89EF98AC14
SN-39756117CECE,Midnight,68887,204615,6,11,2,0,Not certified,Zul'aman Questing Part 6.pkt,39756117CECE33B9CA04431071299547D92089D1FFA60730D3E7FB3917128B08
SN-4C496F4AF471,Midnight,68887,70677,6,6,2,0,Not certified,Zul'aman Questing Part 3.pkt,4C496F4AF4717FE5C2B8E9142CDF6B60B632EE535840689C59CDE73FEFB30B40
SN-4EBF455F13C5,Midnight,68887,189865,5,26,3,0,Not certified,Midnight Questchain Zul'Aman - Part VIII.pkt,4EBF455F13C5CAA952ED9A7BAA241E58497FD811CA432AB6475D86B2AFB5879F
SN-5B5597C5457D,Midnight,68887,268184,6,3,2,0,Not certified,Midnight Questchain Silvermoon + Magisters' Terrace - Part XI.pkt,5B5597C5457DCD5DBCFE9D34D4552DEE4A7DC99914488C87D09438DFB7BDD64B
SN-61A41D5BC652,Midnight,68887,128817,6,15,5,0,Not certified,Midnight Questchain Voidstorm - Part XII.pkt,61A41D5BC6520CC09EB4A37AC1849DAFD7BE7A084DEA14E46D1DDB835BC36B90
SN-6554ED94C0D3,Midnight,68887,107213,2,21,3,0,Not certified,Waking Shores (DF) Introductory Questchain Part I.pkt,6554ED94C0D331C073EC99B93C52008E390A1249305F60DC40BBDE31319F6BAB
SN-666AC40CC99B,Midnight,68887,47431,11,5,6,0,Not certified,Void Elf Demon Hunter Unlock (test).pkt,666AC40CC99BDFE7D7CABF52CD88D7D742305956A47FDE82A562BA9B5EC8E2E3
SN-669DB730258C,Midnight,68887,59450,6,7,2,0,Not certified,Zul'aman Questing Part 4.pkt,669DB730258C2DF22824BD3A252B6460F4C8E2D7F7E90FE8FAD2649C65CDFD06
SN-68FD20683D79,Midnight,68887,88290,5,18,2,0,Not certified,Midnight Questchain Zul'Aman - Part IX.pkt,68FD20683D792434AFE62152FBA23B5624D6F2BEAB3E6007EF6CEC0FBF806114
SN-7061618D3F63,Midnight,68887,203607,6,6,4,0,Not certified,Shadow Enclave - Tiers 1 and 2.pkt,7061618D3F63CDB87F576291716B6D8EE93DE64075FF2F4139E39CEB71C6E8B2
SN-73C1C7968FFB,Midnight,68887,71223,5,6,2,0,Not certified,Midnight Questchain - Part XXI.pkt,73C1C7968FFB4D877F79993E209DE98767446F23CCC5D6AB8C422B32FF247316
SN-8424D21AC8C4,Midnight,68887,128664,4,0,3,0,Not certified,Dungeon - The Rookery (TWW).pkt,8424D21AC8C415623131852071906047295D7A6EAD3587391ADD4915ACDE425D
SN-87101F0E878D,Midnight,68887,542692,10,37,3,0,Not certified,EversongQuestingChunk_TWdungs.pkt,87101F0E878DB117DCC6A81B097AE881FC5140EB9CC60A62F48B8DD0B00007CA
SN-8A69601E7175,Midnight,68887,387770,5,18,3,0,Not certified,Midnight Questchain Part II.pkt,8A69601E71753EAA4B955B3581E156C3984589F3A6A53FAE2222B44304E51B76
SN-8E99BB590447,Midnight,68887,152066,5,21,3,0,Not certified,Midnight Questchain Eversong - Part III.pkt,8E99BB5904471DC5BA9737571A39810D80D49A30581DBC635EEB9174D2562362
SN-904245D94296,Midnight,68887,167550,4,22,2,0,Not certified,Midnight Secondary Questchain - Part XIX.pkt,904245D94296231CB335E565ACA412367B322E466EB200B765B5B15A4DA4AA2E
SN-9BCFDB60EB0C,Midnight,68887,9189,4,0,4,0,Not certified,Chromie Time.pkt,9BCFDB60EB0C364F80F3CB9FA4A9FDDD8EB4BF4EB7DE22874222C17436C98A7E
SN-A1A58E355E7B,Midnight,68887,188602,9,21,3,0,Not certified,Midnight Questchain Harandar - Part V.pkt,A1A58E355E7B644B9BA0A384369BB8F4EDCE463A96B30FD1A1741EBBC6DFB8AC
SN-A4785199E98D,Midnight,68887,290887,7,0,3,0,Not certified,Dungeon - Murder Row.pkt,A4785199E98DF2A6BCBC02ED21D82CD5B39DB512087AAC36ED86613B09E00BEB
SN-B410FDD825D5,Midnight,68887,164309,6,26,3,0,Not certified,Midnight Questchain Harandar - Part VII.pkt,B410FDD825D5BD5009EDD8333198B3205F68DEFC4A29B7F3F5E96F778C003660
SN-B63159B81694,Midnight,68887,171861,5,25,2,0,Not certified,Eversong Secondary Questing - Part XVI.pkt,B63159B81694A6D64241D0B5B22ADEB2BDD0E19A9E38C4BB5323C1FAE81A71EA
SN-B67ACAEA1A16,Midnight,68887,453021,6,20,2,0,Not certified,Midnight Questchain END + Eversong Questing - Part XV.pkt,B67ACAEA1A1620AA8DD904309B29A30C5F2F24E9FB9E872269209DAC59CDAD47
SN-C2AF10AB226D,Midnight,68887,334267,7,5,2,0,Not certified,Windrunner Spire Dungeon.pkt,C2AF10AB226DEE00FB0DAC1BFFD28C165807BBE58AE22937D1B1C9CA05CF02DD
SN-C37A590BA21F,Midnight,68887,25967,6,6,6,0,Not certified,Haranir - Starting Initiation and to Stormwind.pkt,C37A590BA21FCC9472E3F7F45C781C79CACBB61A05A151C216CC1F34A487A976
SN-C61489420073,Midnight,68887,332245,4,4,3,0,Not certified,Midnight Questchain Voidstorm + Nexus-Point Xenas Dungeon - Part XIV.pkt,C6148942007325B37252DE4940A3393079418DDD7D5A73D15C6D3B77FF175675
SN-CB47DA34AAE8,Midnight,68887,37334,6,9,2,0,Not certified,Midnight - Housing Introduction.pkt,CB47DA34AAE8757C0995093B6462084AB2BA293314CA52DDC65C60B314A70626
SN-CC2DAE14C9E6,Midnight,68887,122469,8,15,2,0,Not certified,The Shadow Enclave - Midnight - Delve.pkt,CC2DAE14C9E6657A0B980FF38447E88ECDC71FD34F6143BFCBC2A930BE4E96A3
SN-D6A0378BB9D2,Midnight,68887,106476,6,9,2,3,Not certified,Zul'aman Questing Part 2.pkt,D6A0378BB9D240D30E0D169A49631B0170B7DACA1589C25AAB55EBF2B2CE9F6F
SN-D78DBFDC9A29,Midnight,68887,645402,10,10,2,0,Not certified,"Full Timewalking and Gossip, Talent Choosing.pkt",D78DBFDC9A2921CCE24926758CC5EFA7C6E8637DD54F538411BE37B827E3FB20
SN-D99082968709,Midnight,68887,917088,11,21,2,0,Not certified,ZulAman_worldEvents_TBStime.pkt,D99082968709F9A4BD925825AD20D56CDECB1E5ABBEF77BF1429A77BC4057A39
SN-DBBFF3F2D2BE,Midnight,68887,91499,4,5,6,0,Not certified,Dornogal - Exploration and NPCs.pkt,DBBFF3F2D2BE47A9A517851679F4FBB742284717DF756EEEB005FA7F63CCD2BF
SN-E2F3791F22F2,Midnight,68887,191023,4,16,3,4,Not certified,Midnight Questchain - Part XX.pkt,E2F3791F22F2C57328772BB2AB81A7A72BE781FAFA86643B0B514FDB04CA40D1
SN-EFAD1C0BC29A,Midnight,68887,201330,7,36,3,0,Not certified,Midnight Eversong and More Questchain - Part IV.pkt,EFAD1C0BC29AF1738FBB76D8213D61288AC770327D34BC09850B7DE95BFD2177
SN-F583130A6B1B,Midnight,68887,117700,5,15,2,0,Not certified,Midnight Secondary Questchain - Part XVIII.pkt,F583130A6B1BCE4B78FCA791696AE0D4A8BD60C98121CB58ECB587E639CB9DFE
SN-005D613E6E9E,Midnight,68453,21376,8,7,2,0,Not certified,started-midnight-accepted-quests-and-housing-quest-pickup.pkt,005D613E6E9EB82CC84AC0861227D8A0AFD688DF3EEBA1C8913E19C3B17798A1
SN-3B748D960D0B,Midnight,68453,5623,1,2,4,0,Not certified,Horde - Starting Zone (test).pkt,3B748D960D0B791356705053EBE676EDA6871CC3951F56EB9AD550E92237CB82
SN-73C745CAA1FC,Midnight,68453,326458,7,24,2,0,Not certified,To Silvermoon City.pkt,73C745CAA1FC332A5E2139D0C9AF0CA55AA912F7C76D3DFD051F9565A45E08C6
SN-7D2A82AC2C59,Other / review collection,68453,834,2,0,4,0,Not certified,hellgarve_exiles_reach.pkt,7D2A82AC2C59975AA20895EE9A6D6BFF0F4E7603BA8179FE8DCBD296068792AE
SN-C74292392EDC,Shadowlands,68256,305518,19,1,2,0,Not certified,dump_12.0.7.68256_2026-06-21_TOT_ALLY_MYTHIC.pkt,C74292392EDC455251BADE9CBD534D96EDAB3E27D837BFB877FA8DFFC1DFE73D
SN-2D0B23A40100,Shadowlands,67823,2859,19,0,2,0,Not certified,dump_12.0.5.67823_GlypthAddRemoveHorde (1).pkt,2D0B23A40100D8A88BA99B7AB4EC1BBED5EC06D7DED683B01D333E94B1F82956
SN-8731C9337224,Shadowlands,67823,7296,21,1,2,0,Not certified,dump_12.0.5.67823_BattlePetHorde (1).pkt,8731C9337224C57B8F275D7010DEB1AF807476312838F84F85A8D8D7CFBE4095
SN-19B0E5D4B895,Legion,41488,88824,4,26,0,0,Not certified,dump_9.1.5.41488_2021-12-30_11-10-57.pkt,19B0E5D4B895F62B2407133459C46C0E86E461B820DAFEAD04394C4BE33516CD
SN-EA20E3D108BF,Legion,41488,86416,3,30,0,0,Not certified,dump_9.1.5.41488_2021-12-29_20-45-33.pkt,EA20E3D108BF8F1B6026C6ACBDB84454CADBCAB5F3DB0B9A69B8AE600A1C73E1
SN-F131DBBD5164,Legion,41488,127275,6,22,0,0,Not certified,dump_9.1.5.41488_2021-12-29_19-56-34.pkt,F131DBBD51641DAF6EBF3458F49B3F04B9947734B97F9090A9F4B912AED4EA27
SN-FD877C2318FE,Legion,41488,3486,5,0,0,0,Not certified,dump_9.1.5.41488_2021-12-16_15-48-54.pkt,FD877C2318FE2203C2E18B1CF38DB4BD4982A80CABA05A5F205224F026DF25D4
SN-0F9333C93CE9,Legion,41323,1066448,5,13,0,0,Not certified,dump_9.1.5.41323_2021-12-04_14-40-02.pkt,0F9333C93CE907FB9DE0B8D2B3B4A69F8FF94B620C11FCC321323FAD4D88A4CB
SN-31EC20C5EEE4,Legion,41323,285063,6,5,0,0,Not certified,dump_9.1.5.41323_2021-12-06_10-43-30.pkt,31EC20C5EEE4BB8F5751F7EAF1A593BB111AD904C59F274F926E1FC9661EE30B
SN-6C60497F18E7,Legion,41323,59243,9,7,0,0,Not certified,StormheimSceneHorde.pkt,6C60497F18E7D411CBB714DEA79947F568385C49BA67C6C559FEE063450BA0DA
SN-74ED1BC146E4,Legion,41323,2482138,6,13,0,0,Not certified,dump_9.1.5.41323_2021-12-04_21-15-35.pkt,74ED1BC146E461D447F12D484288C205FFDE13CC8D9F2FB165437A3F36E97DDF
SN-AE5C3A30943B,Legion,41323,151260,8,11,0,0,Not certified,dump_9.1.5.41323_2021-12-04_10-23-22.pkt,AE5C3A30943B1371EA38478F12772BB4347A300E344157AE5CBE9E6C0BE0FEAA
SN-B1F453C575E0,Legion,41323,369255,10,14,0,0,Not certified,dump_9.1.5.41323_2021-12-06_08-51-00.pkt,B1F453C575E066A7DEC853ED8AD32118F3B3EAE6E1A6579621C423017797116B
SN-C913C9E119D1,Legion,41323,127040,6,17,0,0,Not certified,dump_9.1.5.41323_2021-12-07_11-05-08.pkt,C913C9E119D1FF54F278BEB5687716479F62DF80CD9B909011C18CAB0C170B25
SN-07A887277530,Legion,41288,133393,10,14,0,0,Not certified,dump_9.1.5.41288_2021-12-02_18-37-35.pkt,07A8872775301D6B69B329D758E79B1A0E4B9C953C7A541FB86C950ACC6FB0CA
SN-C9D1385AFBA9,Legion,41288,228630,5,1,0,0,Not certified,dump_9.1.5.41288_2021-12-02_14-51-12.pkt,C9D1385AFBA9119C6F2FB5F0852DF9CBEE6421214DA990F21C734345787E5FD0
SN-DAA43EF99021,Legion,41288,15884,4,3,0,0,Not certified,dump_9.1.5.41288_2021-12-02_16-35-26.pkt,DAA43EF990213A396256F72F07DC67241A17C6CC8BD2E24D4E54E6A58DA30D6B
SN-E6BF9E29D677,Legion,41288,135621,8,7,0,0,Not certified,dump_9.1.5.41288_2021-12-02_17-54-08.pkt,E6BF9E29D677520BCC424FD8036992EBEAE01BFD031BD6FD7CB8F79F03889B54
SN-E71AF6F3F297,Legion,41288,195765,6,2,0,0,Not certified,dump_9.1.5.41288_2021-12-02_15-32-20.pkt,E71AF6F3F297A68DC730A4EC2D485E2AA9E0F613DEA31231204A35B0D5580F0E
SN-1A17F42BB905,Legion,41079,103156,4,28,0,0,Not certified,dump_9.1.5.41079_2021-11-23_10-19-46.pkt,1A17F42BB905826052E6630004B32A13052B725EE912334F92C71568DA8ACF2E
SN-31C7B9D353B8,Legion,41079,298749,7,1,0,0,Not certified,dump_9.1.5.41079_2021-11-28_21-07-24.pkt,31C7B9D353B8065E8D0CA8602926E9F57B1F15E7A0E99262982FB98926446D6D
SN-361F426DAF4E,Legion,41079,213719,5,0,0,0,Not certified,dump_9.1.5.41079_2021-11-29_13-06-22.pkt,361F426DAF4E1473BB87AB678E5FC371E4B1BC62B8BAA339CEAACB3201BB5DCE
SN-3DF3AECCD0F8,Legion,41079,3075,3,0,0,0,Not certified,dump_9.1.5.41079_2021-11-19_10-10-00.pkt,3DF3AECCD0F895CC5D0D8358D88D1EEAC206DAF012716D8C3FA0FBFC8F057A9D
SN-49DDD1C1D392,Legion,41079,982479,5,11,0,0,Not certified,dump_9.1.5.41079_2021-11-29_19-04-46.pkt,49DDD1C1D392986B7CAF66029468D93F88FCFABCCE5D052F709AB8002000C52B
SN-4CF92DB17D8E,Legion,41079,7045,4,1,0,0,Not certified,dump_9.1.5.41079_2021-11-25_11-52-58.pkt,4CF92DB17D8E6D6D46EEEDCE4BD5D0ECF7DDCAFD4EF7D077B2CFA12E125B2BB7
SN-53CD36A581B3,Legion,41079,29121,4,4,0,0,Not certified,dump_9.1.5.41079_2021-11-25_11-59-30.pkt,53CD36A581B30FFA209157FA05C97E4CE73AAD9875B38F6AA1C5E48C53B4D87E
SN-6198B056EE94,Legion,41079,64044,4,8,0,0,Not certified,dump_9.1.5.41079_2021-11-23_13-48-33.pkt,6198B056EE9493DBB4CF0511F9F214E4907247891F69CA2C48E6D14DE65EBF46
SN-74F1DA060BF5,Legion,41079,937296,9,9,0,0,Not certified,dump_9.1.5.41079_2021-11-27_14-29-04.pkt,74F1DA060BF59E3974D01831FB5B0FB35EF2B14302B86C32B706631F7F22B2AD
SN-802C3EE9A5D2,Legion,41079,256553,4,47,0,0,Not certified,dump_9.1.5.41079_2021-11-19_10-15-18.pkt,802C3EE9A5D22C5A313152C028ADFDC8CB7F4D952D1F1C764476C4F7FBC9BD1F
SN-872A718CA205,Legion,41079,63923,3,14,0,0,Not certified,dump_9.1.5.41079_2021-11-23_09-02-13.pkt,872A718CA2052FD55755C4CC49F165CC1E555B8B85581424EE8F55DC514E8434
SN-88EC508A73C2,Legion,41079,317267,5,2,0,0,Not certified,dump_9.1.5.41079_2021-11-28_20-18-12.pkt,88EC508A73C26F106CF79B0A7A680F2D84B95A4B3B9BFB43865731D3176993DF
SN-8B961553358F,Legion,41079,113441,4,20,0,0,Not certified,dump_9.1.5.41079_2021-11-25_10-05-15.pkt,8B961553358FB283655D6B8057A9B1CADF0E3B9DBC3D8BA0CD2BD70B7C5B0B60
SN-8F9D3D88A2E5,Legion,41079,206139,5,1,0,0,Not certified,dump_9.1.5.41079_2021-12-01_12-52-45.pkt,8F9D3D88A2E585E3FB9E5188462ABEA3380891917F798B21EDFDA23439B30222
SN-91451671B7AE,Legion,41079,180362,5,1,0,0,Not certified,dump_9.1.5.41079_2021-11-28_21-58-36.pkt,91451671B7AE2E190D1A0AE07316DDD24AD66BDBFBDA00963740FC347F6CB460
SN-943CA07C65F4,Legion,41079,59980,4,19,0,0,Not certified,dump_9.1.5.41079_2021-11-24_22-54-28.pkt,943CA07C65F487FF78FEF93AC368545626E5F95A8C6B1CF1ACF72885AF0EFE34
SN-9FCC829266E3,Legion,41079,104602,4,23,0,0,Not certified,dump_9.1.5.41079_2021-11-26_17-32-39.pkt,9FCC829266E354904232CA4D5DE77830C7E72FDD0DC6841FDD94F4BB9F2A7C3C
SN-A4AFF963876E,Legion,41079,25927,6,0,0,0,Not certified,dump_9.1.5.41079_2021-11-27_16-04-20.pkt,A4AFF963876E8258C765514F037506AB049BA63BF3DEC59E2B726D711C95FE3B
SN-B207E5E3894B,Legion,41079,258842,5,1,0,0,Not certified,dump_9.1.5.41079_2021-11-29_12-12-39.pkt,B207E5E3894B2835AE858F04ECBC14D9982F43411A3C4D12F86BEB7659E4B6D5
SN-B5328B7E6DF9,Legion,41079,115398,4,35,0,0,Not certified,dump_9.1.5.41079_2021-11-24_09-13-36.pkt,B5328B7E6DF9B3103B2483FE4DF685DAFF137497257A5C141BD8D5AFD16EADD9
SN-B91C674ED6F2,Legion,41079,71829,4,21,0,0,Not certified,dump_9.1.5.41079_2021-11-25_12-30-39.pkt,B91C674ED6F2C5B6209E1E9EAC429C5AAC605757D85A688425B152CB191257EB
SN-CE28BD23175F,Legion,41079,60091,4,0,0,0,Not certified,dump_9.1.5.41079_2021-11-28_15-36-40.pkt,CE28BD23175F40202B11F9D139994CA1E6C75902BCE16D92A7FB0497CF61AF46
SN-DFC784FA3F51,Legion,41079,190046,4,25,0,0,Not certified,dump_9.1.5.41079_2021-11-24_13-10-23.pkt,DFC784FA3F5169EF6131657F84963898BB352735B2FB1EEB8075B1E85ABB026C
SN-E7176DE55D88,Legion,41079,966495,6,1,0,0,Not certified,dump_9.1.5.41079_2021-11-29_20-24-00.pkt,E7176DE55D88C1428030B240404932869321F352ABE8BF2D6FE68509A0981D92
SN-F2AB5835F7B7,Legion,41079,121232,4,51,0,0,Not certified,dump_9.1.5.41079_2021-11-26_14-54-47.pkt,F2AB5835F7B7CF0CF4C40ECD9333E9A8FB4C04FFF9D1AB31AFBB2D53FA2BA2A9
SN-D9F2FE7DAD96,Legion,40725,22842,2,2,0,0,Not certified,dump_9.1.0.40725_2021-10-28_12-01-02.pkt,D9F2FE7DAD96C05AC10FEBE149D6FD234AA573457C1A42D472DACF1F47F8162C
SN-3B37E8C44ED6,Legion,40593,55808,5,0,0,0,Not certified,dump_9.1.0.40593_2021-10-19_13-08-23.pkt,3B37E8C44ED603609127F0F26CE078C0F30B02BB8ED1D3296788B61E6F5ACE49
SN-4399CB1A937D,Legion,40593,63517,4,24,0,0,Not certified,dump_9.1.0.40593_2021-10-14_07-54-46.pkt,4399CB1A937D5D7175A8ABB5B9EE6899A0222D3038A67F970948A851AD28157E
SN-BF62E35DE784,Legion,40593,24993,3,0,0,0,Not certified,dump_9.1.0.40593_2021-10-19_12-59-51.pkt,BF62E35DE784F0FD431A4BDA63DB58E0312E424F44E9140725EC396A98CFF723
SN-DB69BE13A686,Legion,40593,136639,6,29,0,0,Not certified,dump_9.1.0.40593_2021-10-17_19-42-28.pkt,DB69BE13A6869BD37EA2937CD53F067F6D0487E6505CB68BA215823DEE16D62F
SN-E0F0056EA15E,Legion,40593,169567,5,32,0,0,Not certified,dump_9.1.0.40593_2021-10-15_12-54-37.pkt,E0F0056EA15E9A05EF55905A5B31138434B7EEED14B3E30111E80F5FAD738A57
SN-F697300FDA7A,Legion,40593,138,1,0,0,0,Not certified,dump_9.1.0.40593_2021-10-19_12-58-50.pkt,F697300FDA7A47C36EB1961DDEC205D4A888C0BD3605B6E739BA87F7676C8FD4
SN-BEC4D154BFD3,Legion,40443,13132,6,3,0,0,Not certified,dump_9.1.0.40443_2021-10-06_18-33-20.pkt,BEC4D154BFD36607FDDA59BEC0BFEFBE6927BED74AABDD8A03B5BDEFAD60760F
SN-EA72B99F5E68,Legion,40443,97816,3,26,0,0,Not certified,dump_9.1.0.40443_2021-10-08_12-42-42.pkt,EA72B99F5E68299D31CA155E78D65955FDF131C84B3C7641B755F4E45A2019DC
SN-0099B28768C6,Shadowlands,40120,131681,4,14,0,0,Not certified,dump_9.1.0.40120_2021-09-23_20-13-39.pkt,0099B28768C6BD78FC5F311B7DB885D0F3294C5AC6A58CAAA13ED9818DBA2AA2
SN-096E69AAB102,Shadowlands,40120,326590,7,55,0,0,Not certified,dump_9.1.0.40120_2021-09-28_08-53-07.pkt,096E69AAB10234C17FA789C8FBDCBBC7965A6CE10680B6A147501660EB4E6E13
SN-09827396A5DA,Shadowlands,40120,271494,5,39,0,0,Not certified,dump_9.1.0.40120_2021-09-18_19-30-12.pkt,09827396A5DAE9DF5CAA64775B6B1E0C401940A8FB49662953FBB6FC92C8359D
SN-10CD071B2EFD,Legion,40120,58918,3,18,0,0,Not certified,dump_9.1.0.40120_2021-09-13_07-58-01.pkt,10CD071B2EFDB41D14B1A0EB94BDFA66C44626690554EBC730646ECCDE2C3221
SN-1CF6C75BD406,Legion,40120,8982,3,2,0,0,Not certified,dump_9.1.0.40120_2021-09-28_10-44-41.pkt,1CF6C75BD406D7C1EC2CE4BC08B737FEEFA5F07EF8961BA9B6E4A12FAFFE4172
SN-2D991FDA57AD,Shadowlands,40120,192448,8,27,0,0,Not certified,dump_9.1.0.40120_2021-09-17_00-57-29.pkt,2D991FDA57AD8B5C0A23F60123FC3AFD53683E74E293ACA92E2005C267DCB8BB
SN-514F1ED878CE,Shadowlands,40120,239946,7,43,0,0,Not certified,dump_9.1.0.40120_2021-09-19_03-13-21.pkt,514F1ED878CEC6A6F562F436BFB9883A4774939390AD48ED258EFFD3CAF002B2
SN-518BA347416A,Legion,40120,83659,4,23,0,0,Not certified,dump_9.1.0.40120_2021-09-28_11-08-19.pkt,518BA347416AED9292022DE66FEC667A90046272F680FC919E2E79CB74E30559
SN-51F7262C2622,Shadowlands,40120,155346,7,30,0,0,Not certified,dump_9.1.0.40120_2021-09-20_02-18-56.pkt,51F7262C2622A277B6279F4391FC3CDC8ACED4722ABA62F96B9EA7FA73E7C888
SN-62FFE03C7716,Legion,40120,26244,4,13,0,0,Not certified,dump_9.1.0.40120_2021-10-05_13-58-28.pkt,62FFE03C771624407072CB8F1AB6E641BA532B7CF15829C1B8BE3F0F5743908A
SN-64C43629483A,Shadowlands,40120,126554,4,29,0,0,Not certified,dump_9.1.0.40120_2021-09-25_05-48-43.pkt,64C43629483A4A4B9DD5324560A9142992F7B8E6239C1515DEF63F9E84FD2079
SN-7433F7D83D8D,Shadowlands,40120,253154,4,30,0,0,Not certified,dump_9.1.0.40120_2021-09-21_03-44-19.pkt,7433F7D83D8D8EA7718DD10A713298F66CC624041B05A977D7EC48FB8ED9958A
SN-7D4C039585EB,Legion,40120,108444,6,0,0,0,Not certified,dump_9.1.0.40120_2021-09-15_07-58-22.pkt,7D4C039585EB32B7166084E7D16A17F12CC0BDB2B8B6D3790F7E8E4B9FC10DD2
SN-851AE076B4E6,Shadowlands,40120,956458,7,62,0,0,Not certified,dump_9.1.0.40120_2021-09-26_11-37-23.pkt,851AE076B4E625ED9A0435AE972E1C9109F3AEB8CF49CEF488C7AB7CFBEA55AB
SN-8AD45ED71DC5,Shadowlands,40120,101777,8,11,0,0,Not certified,dump_9.1.0.40120_2021-09-25_01-28-51.pkt,8AD45ED71DC537A968497A9C78FDF560E018BA3FA6C75FC8FE67E0949A033F2B
SN-8B2FB0221524,Shadowlands,40120,318255,9,29,0,0,Not certified,dump_9.1.0.40120_2021-09-29_10-04-25.pkt,8B2FB0221524D464D3772C1D26C9943DA16C8A3A60EB5ECBE24717DED3CF0290
SN-8FD29531710D,Legion,40120,12483,5,7,0,0,Not certified,dump_9.1.0.40120_2021-10-01_09-52-21.pkt,8FD29531710D4A798E1D018F53F4FDB3C318188F74388BEBC3F86D39ECA74AFA
SN-910B050E2BAF,Shadowlands,40120,100528,4,0,0,0,Not certified,dump_9.1.0.40120_2021-10-04_20-04-39.pkt,910B050E2BAFFCEB63A5F13941CA28667F6042A0D932228CABBB9309AE1654AB
SN-A4853A8F39E3,Shadowlands,40120,290926,7,23,0,0,Not certified,dump_9.1.0.40120_2021-09-23_00-29-34.pkt,A4853A8F39E3BFEEF6B085A805557EA7251C9B60FD85579F90F172F8047A1F1A
SN-A80641E0055F,Shadowlands,40120,208090,5,35,0,0,Not certified,dump_9.1.0.40120_2021-09-13_19-52-02.pkt,A80641E0055F7DDC48D1028F8F7F2E855C974A5475E27FA9079FF0465FE8568B
SN-A8E92553B212,Legion,40120,41144,4,26,0,0,Not certified,dump_9.1.0.40120_2021-09-30_12-32-56.pkt,A8E92553B2124C4FB6027885E91F6D256E7E9549C7EFAE861776D693EB590492
SN-A9504E2A76D0,Legion,40120,67451,3,8,0,0,Not certified,dump_9.1.0.40120_2021-09-12_09-40-02.pkt,A9504E2A76D0172DDA2838CC791C3BF48B748666BC8761057140A14BE733A99C
SN-AC9F52CA5629,Shadowlands,40120,401954,8,60,0,0,Not certified,dump_9.1.0.40120_2021-09-15_20-51-20.pkt,AC9F52CA56298DC8DE1780372D376BB56CC2D41A53264A0C66146569C4EF2219
SN-B83BFE26D607,Shadowlands,40120,85940,4,16,0,0,Not certified,dump_9.1.0.40120_2021-09-23_03-55-08.pkt,B83BFE26D607F144B6D486A525853C5865927E82E2E388467ABB9EF52E2509E2
SN-BD885BEB9FA6,Shadowlands,40120,53724,5,17,0,0,Not certified,dump_9.1.0.40120_2021-09-15_02-21-31.pkt,BD885BEB9FA6599724EBC101B3A13CF93A2E9FAAD0E084DB61521F4091C31938
SN-C86028FAFC00,Shadowlands,40120,127138,10,22,0,0,Not certified,dump_9.1.0.40120_2021-09-13_05-31-15.pkt,C86028FAFC005157EDA6686DCC51AED161D1ABF91C7E9F2C606B1B95BC99A566
SN-C9B0E6AC6CEF,Shadowlands,40120,625700,6,96,0,0,Not certified,dump_9.1.0.40120_2021-09-14_02-24-39.pkt,C9B0E6AC6CEFB7F8F09B77B465DB07345DC6B387619ED41717F9D1F014743A56
SN-C9B83444E776,Legion,40120,147443,4,17,0,0,Not certified,dump_9.1.0.40120_2021-10-05_15-22-24.pkt,C9B83444E77634CCE1A693596E85B32364BFC596396051A93D4B6FC60199A728
SN-CA439F69F79A,Shadowlands,40120,205616,13,33,0,0,Not certified,dump_9.1.0.40120_2021-09-20_07-57-09.pkt,CA439F69F79A4B1A9CDF2E5A1F50723A2EE420708676E75002FDB78A1B5A9165
SN-CB4D51A86C67,Shadowlands,40120,393723,9,54,0,0,Not certified,dump_9.1.0.40120_2021-09-24_05-08-23.pkt,CB4D51A86C67B3F554ED0BC9CE2789D9A7526029786445CD6CCF03903361BF89
SN-D64460AD9B8E,Shadowlands,40120,339107,8,9,0,0,Not certified,dump_9.1.0.40120_2021-09-30_09-31-11.pkt,D64460AD9B8E057C4224488E27FB819C620B6B4A036F04E1A2580140C69C2831
SN-D91551A40EC9,Shadowlands,40120,271985,7,27,0,0,Not certified,dump_9.1.0.40120_2021-09-25_16-25-23.pkt,D91551A40EC91BF6BA601DA666055B0348B6DA03BEAC337078AC0C7237215BED
SN-DF624370AB69,Legion,40120,127138,7,3,0,0,Not certified,dump_9.1.0.40120_2021-09-20_15-12-00.pkt,DF624370AB6947050B078D76AD07AEDC6E7B6467E359420609835EC321AFEDF2
SN-E9E270F51926,Shadowlands,40120,46759,5,11,0,0,Not certified,dump_9.1.0.40120_2021-09-16_02-24-10.pkt,E9E270F51926297827AF3F320237D07756FC22F1299201C66E0812DDD329A02A
SN-F46065C779CB,Legion,40120,62545,5,14,0,0,Not certified,dump_9.1.0.40120_2021-09-13_12-38-45.pkt,F46065C779CB637E866984AE1D5166E2B92081117BB7384092EBD6A692EE07B5
SN-F5B91C7E181B,Legion,40120,120956,3,33,0,0,Not certified,dump_9.1.0.40120_2021-09-12_13-35-41.pkt,F5B91C7E181BE6EF900C98712ACAF27A09E43322AF2B814C0D757A0C2D380C3C
SN-F77100DECA5A,Legion,40120,173959,5,54,0,0,Not certified,dump_9.1.0.40120_2021-09-14_10-30-42.pkt,F77100DECA5AB6301DBCC0F96EE59A2C7C234CA982CE0BC47110C57B5741E424
SN-F811BD928A88,Shadowlands,40120,205285,6,26,0,0,Not certified,dump_9.1.0.40120_2021-09-13_07-13-47.pkt,F811BD928A8860119AAAFE50B3157D21CAB6DE824FC5C1E249D2DFDEFA09CCED
SN-5C548E3619D9,Shadowlands,38312,8776,3,2,0,0,Not certified,9.1.0.38312_2021-04-18_18-55-13_Oribos_covenant_packet.pkt,5C548E3619D9C8EE546195978133CAF69D5D2FE3C9DA304C10A6B878BCAE6E27
SN-02577DD7996B,Other / review collection,38134,162073,8,3,0,0,Not certified,9.0.5.38134_2021-04-19_11-20-35.pkt,02577DD7996B3790308B6B3E08D0FEC30E16B96F4F70252F37ED9A3C594CC233
SN-0985180B2015,Other / review collection,38134,118287,4,27,0,0,Not certified,9.0.5.38134_2021-04-20_23-27-56.pkt,0985180B20153856EF7CA6F1347A774052AB5EB4222A629F5E380EBCA94C4D27
SN-19097025B06C,Other / review collection,38134,33179,6,0,0,0,Not certified,9.0.5.38134_2021-04-17_18-02-39.pkt,19097025B06C5968B9EFB1F50C0F09949F7CE1E629E029993752D6B19F11DD4A
SN-1D2F5DC0DC11,Other / review collection,38134,128786,4,40,0,0,Not certified,9.0.5.38134_2021-04-21_00-50-08.pkt,1D2F5DC0DC1198CF05F1CA3BF157DB321677A3B2AB44CAA62BF2B8403DC69046
SN-2634A2F9A48A,Other / review collection,38134,251296,23,66,0,0,Not certified,9.0.5.38134_2021-04-21_20-45-33.pkt,2634A2F9A48ACE6162905C6365642FC6C97B9EEC8FB856F84A918060E1089C57
SN-282F4F3D5383,Other / review collection,38134,2286,0,0,0,0,Not certified,9.0.5.38134_2021-04-17_16-32-10.pkt,282F4F3D53837591922CF243163D37F610F15B50D40C029EF869411FF79B5D90
SN-2AC27D320686,Other / review collection,38134,195315,4,0,0,0,Not certified,9.0.5.38134_2021-04-19_11-51-33.pkt,2AC27D3206864963C18B1EFA8B0E7B028F081FC8B60DB6D363EC09CA70DECFFB
SN-2E733B3D99AE,Shadowlands,38134,192470,10,40,0,0,Not certified,9.0.5.38134_2021-04-28_19-15-31.pkt,2E733B3D99AEDE840DF2ACB58721DB5ECB0E8DF2684D53CC0AA228D2A8675AA8
SN-30BAB24DBA5A,Shadowlands,38134,82504,2,20,0,0,Not certified,9.0.5.38134_2021-04-20_13-54-37.pkt,30BAB24DBA5A2DFA5873EED1D646C3D34B9E525D217354C9159BA632311F2406
SN-346A8328D55D,Other / review collection,38134,88262,8,7,0,0,Not certified,9.0.5.38134_2021-04-18_20-53-40.pkt,346A8328D55DE27B08783B99BA756575A9F8497C917F28C899577D56E156023E
SN-3BF2582E8364,Shadowlands,38134,180440,6,38,0,0,Not certified,9.0.5.38134_2021-04-18_18-30-18.pkt,3BF2582E836436E80B1F6AFDF259635007DA398FC6A4EF39749E3FFC862A7BA7
SN-43F91A59EF59,Other / review collection,38134,126119,5,29,0,0,Not certified,9.0.5.38134_2021-04-20_20-50-37.pkt,43F91A59EF59FD3D700CDADD91DE948AF250FC35FF13C3DC6903A83067CED226
SN-4D34B137ACC1,Other / review collection,38134,197933,12,13,0,0,Not certified,9.0.5.38134_2021-04-21_19-05-57.pkt,4D34B137ACC12FC88BC9FF5C5EDEDE911CCFAE2667B42952B2FB4A421F8E8A99
SN-6287D641E1C3,Other / review collection,38134,158626,8,39,0,0,Not certified,9.0.5.38134_2021-04-20_01-42-03.pkt,6287D641E1C3C00C33BEAA6306596AF0A76B42B0A4A142040257D8C7AF505089
SN-7985E2FFB24B,Shadowlands,38134,438237,7,24,0,0,Not certified,9.0.5.38134_2021-04-24_13-22-24.pkt,7985E2FFB24B2B7D468CE8D9B3117965CE8F8F8C73A6E1F52C8DC74D2A9BB683
SN-7DFAC8A1CB42,Other / review collection,38134,61267,6,10,0,0,Not certified,9.0.5.38134_2021-04-19_12-41-34.pkt,7DFAC8A1CB42573DD028A02D54678B1C48410C239215614CB0F8CF876F06D787
SN-8D2D147E34B7,Other / review collection,38134,21141,0,0,0,0,Not certified,9.0.5.38134_2021-04-17_15-02-04.pkt,8D2D147E34B7E37D068B3C0239496A59CEF95782E16FB9A674B7D94BDC6CB66B
SN-8D86450AB7F8,Other / review collection,38134,228414,4,0,0,0,Not certified,9.0.5.38134_2021-04-19_12-16-46.pkt,8D86450AB7F8A3CD21C98C13A4D239D4928BBF5D24589BA7EDAFB6698715E67C
SN-8EDD84AD60E1,Other / review collection,38134,143736,11,13,0,0,Not certified,9.0.5.38134_2021-04-19_20-53-19.pkt,8EDD84AD60E1662E3B9DBFC000476319DC14753B9D0E493DE54D04724C279708
SN-93FA53E0E0B9,Shadowlands,38134,1217,6,0,0,0,Not certified,9.0.5.38134_2021-04-18_14-18-50.pkt,93FA53E0E0B9B12D7627ABA0987F8A9E2F42969CAF7C4FCC2615BB7D575BECA7
SN-9811FE9BA4A0,Shadowlands,38134,287011,9,34,0,0,Not certified,9.0.5.38134_2021-04-18_00-39-41.pkt,9811FE9BA4A091D49768F93CF579A26D7441C3C4259DD434A46379B771DC1618
SN-ACC86FF7ACB5,Other / review collection,38134,38835,4,4,0,0,Not certified,9.0.5.38134_2021-04-22_21-09-26.pkt,ACC86FF7ACB5DAF8F004BB9F4D7F82703D457EC7D13B5F0789537D7AE8DAED2A
SN-C28EC7B3DFD4,Shadowlands,38134,302095,12,22,0,0,Not certified,9.0.5.38134_2021-04-18_12-54-08.pkt,C28EC7B3DFD4A1937D32A04401B58239D0C39FE541EC68638DC6E665F7263755
SN-C7259EA3ED25,Other / review collection,38134,82876,6,14,0,0,Not certified,9.0.5.38134_2021-04-21_14-30-23.pkt,C7259EA3ED2502AEEA0A566D715E941426B2187722B74A460DDF80A088262D69
SN-CB82D231AA47,Other / review collection,38134,155763,8,13,0,0,Not certified,9.0.5.38134_2021-04-19_19-21-38.pkt,CB82D231AA472F20A690C8506E9849442E111B174D5287B6DECD3C1111F73D32
SN-D17EB6279969,Other / review collection,38134,62657,6,17,0,0,Not certified,9.0.5.38134_2021-04-18_19-08-53.pkt,D17EB6279969C3A64E5580ADB0BEA94A9A9A426736F28C6B298B5912E027AE15
SN-DAE6B53D4350,Other / review collection,38134,720112,8,7,0,0,Not certified,9.0.5.38134_2021-04-22_22-30-40.pkt,DAE6B53D43501402ACE35C7382C2AE90A1A1E0E063C605C1E7AD915E70586804
SN-E1700A6726A9,Other / review collection,38134,105415,7,27,0,0,Not certified,9.0.5.38134_2021-04-18_21-31-08.pkt,E1700A6726A9E9AEA9175DDCA49FA6AFBBB50EBFB0EEE294B426D1CE093D2B38
SN-E2C73A44ADDD,Other / review collection,38134,695366,17,6,0,0,Not certified,9.0.5.38134_2021-04-23_00-23-07.pkt,E2C73A44ADDD3CFC1E383011B91DC0800AC002011938DAE1D44BC57C614108CD
SN-E7EF3B94F370,Shadowlands,38134,108783,8,43,0,0,Not certified,9.0.5.38134_2021-04-25_10-50-07.pkt,E7EF3B94F370E40FAB1E3DA45D60AC9442854C41BD2954FD25FAEBC087B490EB
SN-EFE6C4E8A77B,Other / review collection,38134,395857,11,3,0,0,Not certified,9.0.5.38134_2021-04-22_17-38-32.pkt,EFE6C4E8A77BC04F13E6ED6419BE8E5D1A3A46738950EA4DFD6FA9D524F61410
SN-F4BF553E4577,Other / review collection,38134,618344,21,57,0,0,Not certified,9.0.5.38134_2021-04-21_11-43-30.pkt,F4BF553E4577C6F2EE6BD5D5AA2374594F351FEF1795228AEE1481480FFCC2F5
SN-0131D541E7F0,Shadowlands,37474,450935,6,10,0,0,Not certified,Mald part 1.pkt,0131D541E7F00DCE15E09BE38E219F72F5EC49FA6AF2CBC5CCB17219C6B6CBFA
SN-050C5C027FCA,Shadowlands,37474,131367,6,1,0,0,Not certified,9.0.2.37474_The_Necrotic_Wake.pkt,050C5C027FCA5D97C58BB7F5FB1688F5FA6D4332B0F3BC0BD73360664C95C0D3
SN-070122BF1CB0,Shadowlands,37474,277869,6,0,0,0,Not certified,9.0.2.37474_Sanguine_Depths.pkt,070122BF1CB0B993EC9CE5EB7E04D9A0C7B944B82A744B341971F704854CCCE3
SN-111D2DFEF2EC,Shadowlands,37474,292415,5,39,0,0,Not certified,Mald part 2.pkt,111D2DFEF2EC634CC93B53CA7ECE8095817606D7878DB6D3B9EDA93F6CD77A31
SN-14094BE142DC,Shadowlands,37474,161145,6,1,0,0,Not certified,9.0.2.37474_Halls_of_Atonement.pkt,14094BE142DC92E7AACD3C812BAECE259EED7F885796BC3D25C4AC1B9694C388
SN-1656E1D3B03B,Shadowlands,37474,46765,14,0,0,0,Not certified,Bastion part 3 - finished LFG - BP opened.pkt,1656E1D3B03B31D5B916708FC3D51B1B74D8C4B0EE66C8E37731147D4ADC0775
SN-1A55AD70E8CD,Shadowlands,37474,21470,3,1,0,0,Not certified,Arden Rest of 25 percent.pkt,1A55AD70E8CDA6018B4D5CEB67F57413892A097AF3462F2A350EB89EFC35798A
SN-228C60D42C8A,Shadowlands,37474,23486,5,4,0,0,Not certified,Mald part 4.pkt,228C60D42C8A6E8F7FA083AACE69C86E4A8E24B6C1F6AB4D4D0C1618E3A5510C
SN-2BE15242282D,Shadowlands,37474,146988,6,1,0,0,Not certified,9.0.2.37474_Theater_of_Pain.pkt,2BE15242282D1E0DBF475A75484D0B927F7A9BD6F3BC2570C5558A198DEFD4E5
SN-320775DBEB90,Shadowlands,37474,243880,6,1,0,0,Not certified,9.0.2.37474_Plaguefall.pkt,320775DBEB904695532EF59A1B8F51FE4CAD5775E1966840AC8DDCF62F14E996
SN-33B6B7B789BE,Shadowlands,37474,908220,4,0,0,0,Not certified,Reliquary Of Opulence RAID 3 OF 3 Finished.pkt,33B6B7B789BE8C06421AED19640F38461A275B05C1472AC758D1E60804524B68
SN-4366BCC781FC,Shadowlands,37474,124246,6,1,0,0,Not certified,9.0.2.37474_De_Other_Side.pkt,4366BCC781FC15E671A8D24F5AAAA91D47C4A846C8A3BE50801F65CB43129B6F
SN-4A71AB79256D,Shadowlands,37474,133896,3,1,0,0,Not certified,RavendrethFullZoneComplete.pkt,4A71AB79256D9F57128EA5055B3204B813E37FF9EF84CF702A992B6047647AAB
SN-50837A0218FB,Shadowlands,37474,86952,3,0,0,0,Not certified,75 percent of ardenwald Zone.pkt,50837A0218FBC183D064262A8F317E465DA2733A84BC8D596D02B0C0C31596B6
SN-57F022F42E30,Shadowlands,37474,643757,6,6,0,0,Not certified,9.0.2.37474_The_Soulforges.pkt,57F022F42E3095B1B402AB08BE47FAB2BD56F23DB658663C72394A72E532D15E
SN-5B78DBD0BCC2,Shadowlands,37474,1186357,4,1,0,0,Not certified,BLOOD FROM STONE RAID 3 OUT OF 3 COMPLETE.pkt,5B78DBD0BCC2485D918F94717CDCEDC9A5516FC6DE7B5E54C012055A49DF9A20
SN-5E1C5F030B8D,Shadowlands,37474,156893,7,16,0,0,Not certified,9.0.2.37474_Maldraxxus.pkt,5E1C5F030B8D3721FE47ACBEA44BC3B650775B860704A67CD9420D34FE2548BF
SN-627951C320F9,Shadowlands,37474,255253,12,31,0,0,Not certified,9.0.2.37474_2021-02-20_02-52-41.pkt,627951C320F9467E6FA0301F649A2374312165DA4B6B6C83A8C9A8B02A70FC65
SN-63795723E23F,Shadowlands,37474,345803,7,6,0,0,Not certified,Torghast - Fracture Chambers 1 & 2.pkt,63795723E23F829F754E7CA7DC84D2F8BF21586C0104EE948DF33786B8B06AF4
SN-6CF065098159,Shadowlands,37474,178808,10,1,0,0,Not certified,9.0.2.37474_Halls_of_Atonement_part2.pkt,6CF0650981595EA0449C0A2F7721113DA69C6F5EB8CD8B2E56655C88558AEC0B
SN-6FEFC1347A6E,Shadowlands,37474,193197,8,6,0,0,Not certified,9.0.2.37474_bastion.pkt,6FEFC1347A6E845ED6F5234BEB5D313161B24DDADAFD3BBD0893D241F7A643C1
SN-73E2FC12D724,Shadowlands,37474,169277,6,2,0,0,Not certified,9.0.2.37474_Mists_of_Tirna_Scithe.pkt,73E2FC12D724113E169177DFB6BAEF1140FC2E60F3ED88FC07936F978243D764
SN-7A00D7AD2C33,Shadowlands,37474,47626,5,5,0,0,Not certified,9.0.2.37474_Oribospackets_for_the_Great_Vault_.pkt,7A00D7AD2C33C30B6192B80DAE44A9155AFC570A3B288A111AB565795F33FF10
SN-7A80E2CBC54F,Shadowlands,37474,10848,3,0,0,0,Not certified,Wintergrasp p 3.pkt,7A80E2CBC54F9474152D5947B17D62CB506483DD86AF966935A8635A6B8840F5
SN-7AD88D19ED8A,Shadowlands,37474,559812,10,63,0,0,Not certified,Bastion part 2 - quests complete.pkt,7AD88D19ED8ACB68856E858BC4FD760B2E2D12C9E132E4C8F276190F76EC3A35
SN-7E5DBADCBD32,Shadowlands,37474,414857,5,16,0,0,Not certified,9.0.2.37474_Ardenweald.pkt,7E5DBADCBD32A7DE155DFE0B20BA07762E0D84627E879782262D8D30BBAA9E6A
SN-80FC1F0EE0F7,Shadowlands,37474,287429,11,32,0,0,Not certified,Deathknight SL starting quests.pkt,80FC1F0EE0F7E7137F5D57B981145B7BD0310B42CC39DD52712355DDFC0F5539
SN-866489055C71,Shadowlands,37474,123211,3,0,0,0,Not certified,Brawl TemplePVP.pkt,866489055C716C925F2093C611B4EA903059B5962669E8EF75DA287F1B1C39B2
SN-86BEB2ADE38E,Shadowlands,37474,182598,10,1,0,0,Not certified,9.0.2.37474_The_necrotic_wake_part2.pkt,86BEB2ADE38E6F1641C34504675C0B219EF0614315BBC06D8743581AA19B9E2B
SN-877F2922FA50,Shadowlands,37474,335439,6,41,0,0,Not certified,Bastion part 1.pkt,877F2922FA506876685DD18D03562A408BD1257B4B3B23999BC4C37C353A9A41
SN-8BECD08A1B76,Shadowlands,37474,68843,9,0,0,0,Not certified,9.0.2.37474_legendary_item_crafting.pkt,8BECD08A1B761A3988212F9A6953AE952A5D2F97CA3855D384AF2A3EEF77F8BD
SN-91AD3026D2D8,Shadowlands,37474,107356,6,2,0,0,Not certified,Ardenwealdpart1.pkt,91AD3026D2D827071A6AA03F858B2E2ED9C1A263F4C337E4B990A966AF2C3DEA
SN-99F4DFB2DA36,Shadowlands,37474,169891,6,1,0,0,Not certified,9.0.2.37474_Spires_of_Ascension.pkt,99F4DFB2DA36DB1375F6D2CE320946A5008C74D54832834A17B26E896A7B473E
SN-9B7C0B6FF2C5,Shadowlands,37474,735575,4,1,0,0,Not certified,An Audience Of Arrogence (Finished).pkt,9B7C0B6FF2C5D520EA0359DF787F700BA688C264E63FB260D6BAD5C426843605
SN-9C143592CE5C,Shadowlands,37474,411461,5,31,0,0,Not certified,9.0.2.37474_Revendreth.pkt,9C143592CE5C3F320509F1B727A3AA8E258CDD9DE0F0A46E5F9C16CB908DD0CC
SN-9E6E76E85367,Shadowlands,37474,237237,4,1,0,0,Not certified,WinterGrasp P4 Final.pkt,9E6E76E85367F348A11FBD3E73019B9FC8B8547A4E9348CE0DEB137B710EBE6B
SN-A47D22E8CF44,Shadowlands,37474,70301,5,4,0,0,Not certified,Mald part 5.pkt,A47D22E8CF44E68795CA4F87531938E802A49EA8BAFB4B51B5DD6BB6C0B1BBDE
SN-AA059ED9C848,Shadowlands,37474,2305021,7,6,0,0,Not certified,9.0.2.37474_Castle_nathria(Part_2).pkt,AA059ED9C848C8871F899AC905399BCAAACC323A3C72712310F4343CFAD1DCCD
SN-B7969D5A516F,Shadowlands,37474,720807,6,0,0,0,Not certified,9.0.2.37474_1_The_Leeching_Vaults.pkt,B7969D5A516FC20FC36D30A923CE11DEDA5EEAA693E852FB173EC7C20095EF98
SN-C1A6E362C714,Shadowlands,37474,184159,6,2,0,0,Not certified,Ardenwealdpart2.pkt,C1A6E362C714CA9E3BF8B85A78B3CF83A7BD8083B2ABE5AB53B3D2F7D9C290B3
SN-C4358B0D0130,Shadowlands,37474,64686,5,10,0,0,Not certified,Maw part 2.pkt,C4358B0D0130CC47A916578513E7883D87FCEA3F5DE92E6F815CFDF01A1FDC86
SN-D3AE85B487B4,Shadowlands,37474,187285,5,20,0,0,Not certified,Mald part 3.pkt,D3AE85B487B4780497E666121568DD2CD5B254E01A907BC3A3567BC53A0D4467
SN-DF0872097ED6,Shadowlands,37474,198037,3,0,0,0,Not certified,wintergrasp p2.pkt,DF0872097ED65F628FDEC38182A3F00929B13F43F386C56D6A269D7BD6777D89
SN-DF74B6A993A8,Shadowlands,37474,3490,5,0,0,0,Not certified,9.0.2.37474_upgrade_bg_or_arena_itemspackets.pkt,DF74B6A993A863CB19540D5988B5CA1901B5F17C8982E2D4E5707E2195838637
SN-DF88D5E9AF8B,Shadowlands,37474,92317,3,3,0,0,Not certified,Maw part 3.pkt,DF88D5E9AF8B178552445CD576A426C00A01D01ECC46458E3E05087D6A35237F
SN-E6721D5216EF,Shadowlands,37474,1,0,0,0,0,Not certified,Wintergrasp p1.pkt,E6721D5216EFF8AD3FEE6EF0AB99758DACCD9199D5FF9C151566A992E5428F20
SN-F4EA5983D60A,Shadowlands,37474,361277,6,6,0,0,Not certified,9.0.2.37474_The_Fracture_Chambers.pkt,F4EA5983D60A80CE20DAC2E33AC01394E362D3B0BAD5834DD030C807191C7460
SN-F8C27A6864C1,Shadowlands,37474,394486,4,0,0,0,Not certified,Leeching Vaults 2 out of 3 bosses (First missing).pkt,F8C27A6864C1D8D6BADDB26AD234F5D6E32014702C3A7966A747F252BD582794
SN-FA1E60E36EC8,Shadowlands,37474,99083,10,1,0,0,Not certified,9.0.2.37474_Spires_of_Ascension_part2.pkt,FA1E60E36EC880C09836355E8DC9CC40E435E3171B98E8514303636DA0F9FC27
SN-78B68373BE82,Shadowlands,36949,89488,1,8,0,0,Not certified,random_9.0.2_36949.pkt,78B68373BE8249765B092E43D34512915B6D2041429B22D5AF5A58E6DA6E681A
SN-79F65B5E4110,Shadowlands,36949,223711,2,24,0,0,Not certified,random2_9.0.2_36949.pkt,79F65B5E41101E462E546834400A9A80F5132F6EF0FDACB7CAAA7D5F655539EE
SN-AD2294D3D889,Shadowlands,36949,156627,3,1,0,0,Not certified,niebla_9.0.2_36949.pkt,AD2294D3D8892F623805EF2F7B73BBCCAE5303E536CACDF54E8599E834C1EEC7
SN-BA350705762E,Shadowlands,36949,216836,3,1,0,0,Not certified,PlagueFall_9.0.2_36949.pkt,BA350705762E40541384CC7CC84CF3E1DB2D01CD7B2FE7A61134819078B1CC37
SN-03C23992C494,Shadowlands,36839,198765,3,33,0,0,Not certified,9.0.2.36839_2020-12-13_23-59-40_DemoHunter_Zone_part1.pkt,03C23992C494751ADC5DC283B981975360AB530738E979EB708B1C349676DDA0
SN-123E6E1BCD9A,Shadowlands,36839,42993,1,5,0,0,Not certified,9.0.2.36839_2020-12-20_21-35-55.pkt,123E6E1BCD9A05E16B8456D67B342EDAA74F38F7D3526957351DC279EBB60B38
SN-1441D696D6A7,Shadowlands,36839,91015,2,27,0,0,Not certified,goblins_9.0.2.36949.pkt,1441D696D6A75540487F96C1ABE95FB762077D399D001F738F952380E0D3F758
SN-25D0052603E0,Shadowlands,36839,108124,3,18,0,0,Not certified,random3_9.0.2.36949.pkt,25D0052603E06DFA9F3FC0A21BCEF6C5C93ACE578A6CA2F63314CF3338A101DD
SN-37442EE5227C,Shadowlands,36839,37228,2,8,0,0,Not certified,9.0.2.36839_2020-12-19_16-18-17.pkt,37442EE5227CB4DBBDFC0EC59309F38C937D20DB5106BAAF01BB4A69DB4C07A9
SN-38B229E7E428,Shadowlands,36839,45494,3,2,0,0,Not certified,9.0.2.36839_2020-12-18_16-20-16.pkt,38B229E7E4286FE9A9ADE1BB5E020CA277BA4B2FB8F6366728D29E5B5B2AEEC7
SN-398D3C5088DE,Shadowlands,36839,1116,7,0,0,0,Not certified,alliance_part1_9.0.2.36949.pkt,398D3C5088DE4D132E106CA35CCBACB9C6F456B5533DCDC746A7A4BD002ADC3C
SN-40D7A00180AF,Shadowlands,36839,112854,2,33,0,0,Not certified,9.0.2.36839_Alianza Island Exilie.pkt,40D7A00180AF651B2E3A2E6F3741ADB4E46DB74D99599062AE675B7959952B10
SN-41A51256AD9C,Shadowlands,36839,785,7,0,0,0,Not certified,9.0.2.36839_2020-12-12_07-38-09.pkt,41A51256AD9C568E3B2ED72C2507EFE936A8E4490FED8D8D09091F3D5C25DA73
SN-4600F007EFAA,Shadowlands,36839,5838,2,1,0,0,Not certified,9.0.2.36839_2020-12-14_09-14-41.pkt,4600F007EFAAE46F50A12F5A4A71FD3BB6B32026F960DAEFE9578469933E43B4
SN-533A7C85D420,Shadowlands,36839,8249,3,2,0,0,Not certified,9.0.2.36839_2020-12-14_01-22-11_DemoHunter_Zone_part2.pkt,533A7C85D4209289A9FA5BE1FF05AC86A242A6A3D39BDEBE053FFAD0B47D3C56
SN-579228EB08B8,Shadowlands,36839,50338,5,4,0,0,Not certified,nazjatar_alliance.pkt,579228EB08B8A434D685667E96C567A24BF7AC606264C2D8B22BC856320722F5
SN-5965599A8721,Shadowlands,36839,47,0,0,0,0,Not certified,9.0.2.36839_2020-12-19_14-45-13.pkt,5965599A872122BBDE2B7BC1751302A6CC51A35F80C996EC6DCA1F1137A56172
SN-61B767190BCD,Shadowlands,36839,700,1,0,0,0,Not certified,9.0.2.36839_2020-12-20_21-31-51.pkt,61B767190BCD7FE906D8EA3B188CEA38E91B462571263237587BCDEBBECC74FF
SN-675ED4157F63,Shadowlands,36839,279,2,0,0,0,Not certified,9.0.2.36839_2020-12-18_23-21-19.pkt,675ED4157F63BA2D2D22417140B3500C2F7DD8793918F220047CA5A5E8B1165E
SN-6A0D6831A718,Shadowlands,36839,204191,2,5,0,0,Not certified,9.0.2.36839_2020-12-19_15-04-35.pkt,6A0D6831A718AA355410A97CCCDC8CA0326E9EC2D06ABBFF990E6086E863B240
SN-7786CEFB1EB8,Shadowlands,36839,2583,1,0,0,0,Not certified,9.0.2.36839_2020-12-13_22-01-15.pkt,7786CEFB1EB8A3C21A65747F90938E273F11A15E99C05275AFED57CF477F0154
SN-7B13DB5F8728,Shadowlands,36839,67315,3,6,0,0,Not certified,9.0.2.36839_2020-12-18_02-23-29.pkt,7B13DB5F872854562307499DA1C5CF521673846ADAB8482DE23077927E65FCC9
SN-7CD4E0245AF3,Shadowlands,36839,208801,3,3,0,0,Not certified,9.0.2.36839_2020-12-18_16-33-27_The_Necrotic_Wake_Normal.pkt,7CD4E0245AF37C7EB83AA57E722C21201A1AB7417F07C2A10929BA90960C98EB
SN-83D2409B9910,Shadowlands,36839,4851,1,3,0,0,Not certified,9.0.2.36839_2020-12-13_21-52-57.pkt,83D2409B99101F40D90B4D3FB92C314B21CD050B5305901C5E8C720FB7CA83E9
SN-A551C144989A,Shadowlands,36839,26377,1,5,0,0,Not certified,9.0.2.36839_2020-12-20_20-58-55.pkt,A551C144989A5CAE5EAE2EF0C8BAADAF74D314552CB75E00E0B27203F1567880
SN-B73F95393C33,Shadowlands,36839,234071,3,19,0,0,Not certified,9.0.2.36839_2020-12-19_17-44-53.pkt,B73F95393C3352A11DB7FA0F1558911EFB45C63F40F1DE60CCF817263E888453
SN-BA6536998A78,Shadowlands,36839,653,2,0,0,0,Not certified,9.0.2.36839_2020-12-14_07-10-13operation code connection.pkt,BA6536998A78E5C808674C1EE9656821FCD096C4CE129423D71169E72D2522BE
SN-C5D53DE33CDE,Shadowlands,36839,255,7,0,0,0,Not certified,9.0.2.36839_2020-12-12_08-23-17.pkt,C5D53DE33CDED26F886B3BC555D5CDC926C5A886C69B26CA95C0B890706B3B20
SN-C802EE7A3664,Shadowlands,36839,400,3,0,0,0,Not certified,9.0.2.36839_2020-12-14_07-47-21.pkt,C802EE7A366419C928D67E7473EA26A525A6573A542CE80D8CA716E71B13327B
SN-E38322D22A1E,Shadowlands,36839,2553,1,0,0,0,Not certified,9.0.2.36839_2020-12-12_07-25-44.pkt,E38322D22A1E10A175F1D8E9D42ADE4D82078EA7DDFA0E3C999C0ABDABD3D97E
SN-ED0A99A5B2D6,Shadowlands,36839,7383,2,0,0,0,Not certified,9.0.2.36839_2020-12-19_19-00-34.pkt,ED0A99A5B2D6A6525B3793BA6E8B84700EB67AEB88A6E3F0D3807ED2F3A648B6
SN-FB36CAF91531,Shadowlands,36839,271632,3,31,0,0,Not certified,9.0.2.36839_2020-12-18_00-28-43.pkt,FB36CAF91531A0C5B8EE4307AD2C8F843D9744E7569A389523A30F0BB40B0CDB
SN-08FA4C918DE0,Shadowlands,0,0,0,0,0,0,Not certified,9.0.2.36839_2020-12-19_15-33-39.pkt,08FA4C918DE0738BC40B5B802E44CD56EE0235A5A1C5A0D196E16AB0C0365FD8
