Coverage ID,Bug ID,Request ID,Capture ID,Build,Observed opcode,Requests,Scope
COV-09,HG-QA-009,REQ-02,SN-1EC5439622A9,69497,CMSG_SETUP_WARBAND_GROUPS,2,Request present; payload qualification pending
COV-09,HG-QA-009,REQ-02,SN-B512EA9F7D7B,69497,CMSG_SETUP_WARBAND_GROUPS,2,Request present; payload qualification pending
COV-09,HG-QA-009,REQ-02,SN-602DCBE89211,69404,CMSG_SETUP_WARBAND_GROUPS,2,Request present; payload qualification pending
COV-09,HG-QA-009,REQ-02,SN-FF661CD411EE,69404,CMSG_SETUP_WARBAND_GROUPS,2,Request present; payload qualification pending
COV-09,HG-QA-009,REQ-02,SN-14B631870E75,69382,CMSG_SETUP_WARBAND_GROUPS,2,Request present; payload qualification pending
COV-09,HG-QA-009,REQ-02,SN-4C4591118EA2,69382,CMSG_SETUP_WARBAND_GROUPS,2,Request present; payload qualification pending
COV-09,HG-QA-009,REQ-02,SN-2A55A73AE644,69299,CMSG_SETUP_WARBAND_GROUPS,43,Request present; payload qualification pending
COV-09,HG-QA-009,REQ-02,SN-52F20C899CA8,68974,CMSG_SETUP_WARBAND_GROUPS,6,Request present; payload qualification pending
COV-09,HG-QA-009,REQ-02,SN-79CD5EB70ED5,68974,CMSG_SETUP_WARBAND_GROUPS,46,Request present; payload qualification pending
COV-09,HG-QA-009,REQ-02,SN-84C415E87088,68974,CMSG_SETUP_WARBAND_GROUPS,7,Request present; payload qualification pending
COV-09,HG-QA-009,REQ-02,SN-8AB450BC8296,68974,CMSG_SETUP_WARBAND_GROUPS,6,Request present; payload qualification pending
COV-09,HG-QA-009,REQ-02,SN-9CCCF8C8686C,68974,CMSG_SETUP_WARBAND_GROUPS,3,Request present; payload qualification pending
COV-09,HG-QA-009,REQ-02,SN-9FE9F0DC64B1,68974,CMSG_SETUP_WARBAND_GROUPS,5,Request present; payload qualification pending
COV-09,HG-QA-009,REQ-02,SN-A6C0FB8048C0,68974,CMSG_SETUP_WARBAND_GROUPS,5,Request present; payload qualification pending
COV-09,HG-QA-009,REQ-02,SN-ABCBDC41B0CF,68974,CMSG_SETUP_WARBAND_GROUPS,5,Request present; payload qualification pending
COV-09,HG-QA-009,REQ-02,SN-B4BC974DBEB9,68974,CMSG_SETUP_WARBAND_GROUPS,3,Request present; payload qualification pending
COV-09,HG-QA-009,REQ-02,SN-B9E0803CEC43,68974,CMSG_SETUP_WARBAND_GROUPS,9,Request present; payload qualification pending
COV-09,HG-QA-009,REQ-02,SN-C5867A6E70B3,68974,CMSG_SETUP_WARBAND_GROUPS,5,Request present; payload qualification pending
COV-09,HG-QA-009,REQ-02,SN-C976B11FD359,68974,CMSG_SETUP_WARBAND_GROUPS,2,Request present; payload qualification pending
COV-09,HG-QA-009,REQ-02,SN-CF0A0697C4D2,68974,CMSG_SETUP_WARBAND_GROUPS,2,Request present; payload qualification pending
COV-09,HG-QA-009,REQ-02,SN-E4C7FB84519B,68974,CMSG_SETUP_WARBAND_GROUPS,7,Request present; payload qualification pending
COV-09,HG-QA-009,REQ-02,SN-06AA4D8B56D9,68887,CMSG_SETUP_WARBAND_GROUPS,3,Request present; payload qualification pending
COV-09,HG-QA-009,REQ-02,SN-0A2078855FC9,68887,CMSG_SETUP_WARBAND_GROUPS,2,Request present; payload qualification pending
COV-09,HG-QA-009,REQ-02,SN-0E49BC27B28A,68887,CMSG_SETUP_WARBAND_GROUPS,2,Request present; payload qualification pending
COV-09,HG-QA-009,REQ-02,SN-164BF865A397,68887,CMSG_SETUP_WARBAND_GROUPS,2,Request present; payload qualification pending
COV-09,HG-QA-009,REQ-02,SN-2304B0A0CE4E,68887,CMSG_SETUP_WARBAND_GROUPS,2,Request present; payload qualification pending
COV-09,HG-QA-009,REQ-02,SN-2D8CFC9D74BB,68887,CMSG_SETUP_WARBAND_GROUPS,6,Request present; payload qualification pending
COV-09,HG-QA-009,REQ-02,SN-2EC5FC0B8E41,68887,CMSG_SETUP_WARBAND_GROUPS,4,Request present; payload qualification pending
COV-09,HG-QA-009,REQ-02,SN-31198BBCA237,68887,CMSG_SETUP_WARBAND_GROUPS,4,Request present; payload qualification pending
COV-09,HG-QA-009,REQ-02,SN-3391437808E9,68887,CMSG_SETUP_WARBAND_GROUPS,3,Request present; payload qualification pending
COV-09,HG-QA-009,REQ-02,SN-3417627AA7D7,68887,CMSG_SETUP_WARBAND_GROUPS,2,Request present; payload qualification pending
COV-09,HG-QA-009,REQ-02,SN-34970D81D9A5,68887,CMSG_SETUP_WARBAND_GROUPS,2,Request present; payload qualification pending
COV-09,HG-QA-009,REQ-02,SN-34AFE5167DEA,68887,CMSG_SETUP_WARBAND_GROUPS,6,Request present; payload qualification pending
COV-09,HG-QA-009,REQ-02,SN-39756117CECE,68887,CMSG_SETUP_WARBAND_GROUPS,2,Request present; payload qualification pending
COV-09,HG-QA-009,REQ-02,SN-4C496F4AF471,68887,CMSG_SETUP_WARBAND_GROUPS,2,Request present; payload qualification pending
COV-09,HG-QA-009,REQ-02,SN-4EBF455F13C5,68887,CMSG_SETUP_WARBAND_GROUPS,3,Request present; payload qualification pending
COV-09,HG-QA-009,REQ-02,SN-5B5597C5457D,68887,CMSG_SETUP_WARBAND_GROUPS,2,Request present; payload qualification pending
COV-09,HG-QA-009,REQ-02,SN-61A41D5BC652,68887,CMSG_SETUP_WARBAND_GROUPS,5,Request present; payload qualification pending
COV-09,HG-QA-009,REQ-02,SN-6554ED94C0D3,68887,CMSG_SETUP_WARBAND_GROUPS,3,Request present; payload qualification pending
COV-09,HG-QA-009,REQ-02,SN-666AC40CC99B,68887,CMSG_SETUP_WARBAND_GROUPS,6,Request present; payload qualification pending
COV-09,HG-QA-009,REQ-02,SN-669DB730258C,68887,CMSG_SETUP_WARBAND_GROUPS,2,Request present; payload qualification pending
COV-09,HG-QA-009,REQ-02,SN-68FD20683D79,68887,CMSG_SETUP_WARBAND_GROUPS,2,Request present; payload qualification pending
COV-09,HG-QA-009,REQ-02,SN-7061618D3F63,68887,CMSG_SETUP_WARBAND_GROUPS,4,Request present; payload qualification pending
COV-09,HG-QA-009,REQ-02,SN-73C1C7968FFB,68887,CMSG_SETUP_WARBAND_GROUPS,2,Request present; payload qualification pending
COV-09,HG-QA-009,REQ-02,SN-8424D21AC8C4,68887,CMSG_SETUP_WARBAND_GROUPS,3,Request present; payload qualification pending
COV-09,HG-QA-009,REQ-02,SN-87101F0E878D,68887,CMSG_SETUP_WARBAND_GROUPS,3,Request present; payload qualification pending
COV-09,HG-QA-009,REQ-02,SN-8A69601E7175,68887,CMSG_SETUP_WARBAND_GROUPS,3,Request present; payload qualification pending
COV-09,HG-QA-009,REQ-02,SN-8E99BB590447,68887,CMSG_SETUP_WARBAND_GROUPS,3,Request present; payload qualification pending
COV-09,HG-QA-009,REQ-02,SN-904245D94296,68887,CMSG_SETUP_WARBAND_GROUPS,2,Request present; payload qualification pending
COV-09,HG-QA-009,REQ-02,SN-9BCFDB60EB0C,68887,CMSG_SETUP_WARBAND_GROUPS,4,Request present; payload qualification pending
COV-09,HG-QA-009,REQ-02,SN-A1A58E355E7B,68887,CMSG_SETUP_WARBAND_GROUPS,3,Request present; payload qualification pending
COV-09,HG-QA-009,REQ-02,SN-A4785199E98D,68887,CMSG_SETUP_WARBAND_GROUPS,3,Request present; payload qualification pending
COV-09,HG-QA-009,REQ-02,SN-B410FDD825D5,68887,CMSG_SETUP_WARBAND_GROUPS,3,Request present; payload qualification pending
COV-09,HG-QA-009,REQ-02,SN-B63159B81694,68887,CMSG_SETUP_WARBAND_GROUPS,2,Request present; payload qualification pending
COV-09,HG-QA-009,REQ-02,SN-B67ACAEA1A16,68887,CMSG_SETUP_WARBAND_GROUPS,2,Request present; payload qualification pending
COV-09,HG-QA-009,REQ-02,SN-C2AF10AB226D,68887,CMSG_SETUP_WARBAND_GROUPS,2,Request present; payload qualification pending
COV-09,HG-QA-009,REQ-02,SN-C37A590BA21F,68887,CMSG_SETUP_WARBAND_GROUPS,6,Request present; payload qualification pending
COV-09,HG-QA-009,REQ-02,SN-C61489420073,68887,CMSG_SETUP_WARBAND_GROUPS,3,Request present; payload qualification pending
COV-09,HG-QA-009,REQ-02,SN-CB47DA34AAE8,68887,CMSG_SETUP_WARBAND_GROUPS,2,Request present; payload qualification pending
COV-09,HG-QA-009,REQ-02,SN-CC2DAE14C9E6,68887,CMSG_SETUP_WARBAND_GROUPS,2,Request present; payload qualification pending
COV-09,HG-QA-009,REQ-02,SN-D6A0378BB9D2,68887,CMSG_SETUP_WARBAND_GROUPS,2,Request present; payload qualification pending
COV-10,HG-QA-010,REQ-03,SN-D6A0378BB9D2,68887,CMSG_PERKS_PROGRAM_REQUEST_PURCHASE,3,Request present; lifecycle qualification pending
COV-09,HG-QA-009,REQ-02,SN-D78DBFDC9A29,68887,CMSG_SETUP_WARBAND_GROUPS,2,Request present; payload qualification pending
COV-09,HG-QA-009,REQ-02,SN-D99082968709,68887,CMSG_SETUP_WARBAND_GROUPS,2,Request present; payload qualification pending
COV-09,HG-QA-009,REQ-02,SN-DBBFF3F2D2BE,68887,CMSG_SETUP_WARBAND_GROUPS,6,Request present; payload qualification pending
COV-09,HG-QA-009,REQ-02,SN-E2F3791F22F2,68887,CMSG_SETUP_WARBAND_GROUPS,3,Request present; payload qualification pending
COV-10,HG-QA-010,REQ-03,SN-E2F3791F22F2,68887,CMSG_PERKS_PROGRAM_REQUEST_PURCHASE,4,Request present; lifecycle qualification pending
COV-09,HG-QA-009,REQ-02,SN-EFAD1C0BC29A,68887,CMSG_SETUP_WARBAND_GROUPS,3,Request present; payload qualification pending
COV-09,HG-QA-009,REQ-02,SN-F583130A6B1B,68887,CMSG_SETUP_WARBAND_GROUPS,2,Request present; payload qualification pending
COV-09,HG-QA-009,REQ-02,SN-005D613E6E9E,68453,CMSG_SETUP_WARBAND_GROUPS,2,Request present; payload qualification pending
COV-09,HG-QA-009,REQ-02,SN-3B748D960D0B,68453,CMSG_SETUP_WARBAND_GROUPS,4,Request present; payload qualification pending
COV-09,HG-QA-009,REQ-02,SN-73C745CAA1FC,68453,CMSG_SETUP_WARBAND_GROUPS,2,Request present; payload qualification pending
COV-09,HG-QA-009,REQ-02,SN-7D2A82AC2C59,68453,CMSG_SETUP_WARBAND_GROUPS,4,Request present; payload qualification pending
COV-09,HG-QA-009,REQ-02,SN-C74292392EDC,68256,CMSG_SETUP_WARBAND_GROUPS,2,Request present; payload qualification pending
COV-09,HG-QA-009,REQ-02,SN-2D0B23A40100,67823,CMSG_SETUP_WARBAND_GROUPS,2,Request present; payload qualification pending
COV-09,HG-QA-009,REQ-02,SN-8731C9337224,67823,CMSG_SETUP_WARBAND_GROUPS,2,Request present; payload qualification pending
